<ImportExportXml xmlns:xsi="http://www.w3.org/2001/XMLSchema-instance">
  <Entities>
    <Entity>
      <Name LocalizedName="Account" OriginalName="">Account</Name>
      <EntityInfo>
        <entity Name="Account">
          <attributes>
            <attribute PhysicalName="Telephone1">
              <Type>nvarchar</Type>
              <Name>telephone1</Name>
              <LogicalName>telephone1</LogicalName>
              <RequiredLevel>required</RequiredLevel>
              <DisplayMask>ValidForAdvancedFind|ValidForForm|ValidForGrid</DisplayMask>
              <ImeMode>inactive</ImeMode>
              <ValidForUpdateApi>1</ValidForUpdateApi>
              <ValidForReadApi>1</ValidForReadApi>
              <ValidForCreateApi>1</ValidForCreateApi>
              <IsCustomField>0</IsCustomField>
              <IsAuditEnabled>1</IsAuditEnabled>
              <IsSecured>0</IsSecured>
              <IntroducedVersion>5.0.0.0</IntroducedVersion>
              <SourceType>0</SourceType>
              <IsGlobalFilterEnabled>0</IsGlobalFilterEnabled>
              <IsSortableEnabled>1</IsSortableEnabled>
              <IsDataSourceSecret>0</IsDataSourceSecret>
              <AutoNumberFormat></AutoNumberFormat>
              <Format>phone</Format>
              <MaxLength>50</MaxLength>
              <Length>100</Length>
              <displaynames>
                <displayname description="Main Phone" languagecode="1033" />
              </displaynames>
              <Descriptions>
                <Description description="Type the main phone number for this account." languagecode="1033" />
              </Descriptions>
            </attribute>
          </attributes>
          <EntitySetName>accounts</EntitySetName>
          <IsDuplicateCheckSupported>1</IsDuplicateCheckSupported>
          <IsBusinessProcessEnabled>1</IsBusinessProcessEnabled>
          <IsRequiredOffline>0</IsRequiredOffline>
          <IsInteractionCentricEnabled>1</IsInteractionCentricEnabled>
          <IsCollaboration>0</IsCollaboration>
          <AutoRouteToOwnerQueue>0</AutoRouteToOwnerQueue>
          <IsConnectionsEnabled>1</IsConnectionsEnabled>
          <EntityColor>#794300</EntityColor>
          <IsDocumentManagementEnabled>1</IsDocumentManagementEnabled>
          <IsOneNoteIntegrationEnabled>1</IsOneNoteIntegrationEnabled>
          <IsKnowledgeManagementEnabled>0</IsKnowledgeManagementEnabled>
          <IsSLAEnabled>0</IsSLAEnabled>
          <IsDocumentRecommendationsEnabled>0</IsDocumentRecommendationsEnabled>
          <IsBPFEntity>0</IsBPFEntity>
          <OwnershipTypeMask>UserOwned</OwnershipTypeMask>
          <EntityMask>ActivityPointer</EntityMask>
          <IsAuditEnabled>0</IsAuditEnabled>
          <IsRetrieveAuditEnabled>0</IsRetrieveAuditEnabled>
          <IsRetrieveMultipleAuditEnabled>0</IsRetrieveMultipleAuditEnabled>
          <IsActivity>0</IsActivity>
          <ActivityTypeMask></ActivityTypeMask>
          <IsActivityParty>1</IsActivityParty>
          <IsReplicated>1</IsReplicated>
          <IsReplicationUserFiltered>1</IsReplicationUserFiltered>
          <IsMailMergeEnabled>1</IsMailMergeEnabled>
          <IsVisibleInMobile>1</IsVisibleInMobile>
          <IsVisibleInMobileClient>1</IsVisibleInMobileClient>
          <IsReadOnlyInMobileClient>0</IsReadOnlyInMobileClient>
          <IsOfflineInMobileClient>1</IsOfflineInMobileClient>
          <DaysSinceRecordLastModified>0</DaysSinceRecordLastModified>
          <MobileOfflineFilters>
		&lt;fetch version="1.0" output-format="xml-platform" mapping="logical" distinct="false"&gt;
			&lt;entity name="account"&gt;
				&lt;filter type="and"&gt;
					&lt;condition attribute="modifiedon" operator="last-x-days" value="10"/&gt;
				&lt;/filter&gt;
			&lt;/entity&gt;
		&lt;/fetch&gt;
	</MobileOfflineFilters>
          <IsMapiGridEnabled>1</IsMapiGridEnabled>
          <IsReadingPaneEnabled>1</IsReadingPaneEnabled>
          <IsQuickCreateEnabled>1</IsQuickCreateEnabled>
          <SyncToExternalSearchIndex>1</SyncToExternalSearchIndex>
          <IntroducedVersion>5.0.0.0</IntroducedVersion>
          <EnforceStateTransitions>0</EnforceStateTransitions>
          <EntityHelpUrlEnabled>0</EntityHelpUrlEnabled>
          <ChangeTrackingEnabled>1</ChangeTrackingEnabled>
          <IsEnabledForExternalChannels>1</IsEnabledForExternalChannels>
          <HasRelatedNotes>True</HasRelatedNotes>
          <HasRelatedActivities>True</HasRelatedActivities>
        </entity>
      </EntityInfo>
      <FormXml>
        <forms type="main">
          <systemform>
            <formid>{8448b78f-8f42-454e-8e2a-f8196b0419af}</formid>
            <IntroducedVersion>5.0.0.0</IntroducedVersion>
            <FormPresentation>1</FormPresentation>
            <FormActivationState>1</FormActivationState>
            <form showImage="true">
              <tabs>
                <tab name="SUMMARY_TAB" id="{3b0b63a9-d379-689a-0ec3-e71eb4c6a841}" IsUserDefined="0" showlabel="true" expanded="true" locklevel="0" ordinalvalue="0">
                  <columns>
                    <column width="33%" id="0">
                      <sections>
                        <section name="ACCOUNT_INFORMATION" showlabel="true" showbar="false" id="{0eb92e6c-bcb8-0d52-a188-d81543ddb7cd}" IsUserDefined="0" layout="varwidth" columns="1" labelwidth="115" celllabelposition="Left" ordinalvalue="0">
                          <rows>
                            <row>
                              <cell id="{3441a91e-47c5-672c-7a20-902d6baa9036}" showlabel="true" locklevel="0" ordinalvalue="10001" solutionaction="Modified">
                                <control id="telephone1" classid="{4273EDBD-AC1D-40d3-9FB2-095C621B552D}" datafieldname="telephone1" disabled="false" uniqueid="{97a94366-1788-4452-2910-c52d21089168}" solutionaction="Modified" />
                              </cell>
                            </row>
                          </rows>
                        </section>
                      </sections>
                    </column>
                    <column width="25%" id="2">
                      <sections>
                        <section name="SUMMARY_TAB_section_6" showlabel="false" showbar="false" locklevel="0" id="{d4c3ee9c-ba71-5cdb-31be-2aa505750472}" IsUserDefined="0" layout="varwidth" columns="1" labelwidth="115" celllabelalignment="Left" celllabelposition="Top" ordinalvalue="1">
                          <rows>
                            <row>
                              <cell id="{8e24c7e3-6a40-5abb-eadb-254eba5478e2}" showlabel="true" colspan="1" auto="false" rowspan="7" ordinalvalue="10002">
                                <control id="Contacts" classid="{E7A81278-8635-4d9e-8D4D-59480B391C5B}">
                                  <parameters>
                                    <VisualizationId />
                                  </parameters>
                                </control>
                              </cell>
                            </row>
                          </rows>
                        </section>
                      </sections>
                    </column>
                  </columns>
                </tab>
              </tabs>
              <Navigation>
                <NavBar>
                  <NavBarByRelationshipItem RelationshipName="hardcoded_{B7196B13-6B9D-42CD-BD58-B19A3953126F}navCampaignsInSFA" Sequence="20" Area="Marketing" Id="navCampaignsInSFA" Show="false" solutionaction="Removed" />
                </NavBar>
                <NavBarAreas solutionaction="Added">
                  <NavBarArea Id="Info">
                    <Titles>
                      <Title LCID="1033" Text="Common" />
                    </Titles>
                  </NavBarArea>
                  <NavBarArea Id="Sales">
                    <Titles>
                      <Title LCID="1033" Text="Sales" />
                    </Titles>
                  </NavBarArea>
                  <NavBarArea Id="Service">
                    <Titles>
                      <Title LCID="1033" Text="Service" />
                    </Titles>
                  </NavBarArea>
                  <NavBarArea Id="Marketing">
                    <Titles>
                      <Title LCID="1033" Text="Marketing" />
                    </Titles>
                  </NavBarArea>
                  <NavBarArea Id="ProcessCenter">
                    <Titles>
                      <Title LCID="1033" Text="Process Sessions" />
                    </Titles>
                  </NavBarArea>
                </NavBarAreas>
              </Navigation>
            </form>
            <LocalizedNames>
              <LocalizedName description="Account" languagecode="1033" />
            </LocalizedNames>
            <Descriptions>
              <Description description="Updated default Account form." languagecode="1033" />
            </Descriptions>
          </systemform>
        </forms>
      </FormXml>
      <RibbonDiffXml>
        <CustomActions />
        <Templates>
          <RibbonTemplates Id="Mscrm.Templates"></RibbonTemplates>
        </Templates>
        <CommandDefinitions />
        <RuleDefinitions>
          <TabDisplayRules />
          <DisplayRules />
          <EnableRules />
        </RuleDefinitions>
        <LocLabels />
      </RibbonDiffXml>
    </Entity>
  </Entities>
  <Roles></Roles>
  <Workflows></Workflows>
  <FieldSecurityProfiles></FieldSecurityProfiles>
  <Templates />
  <EntityMaps />
  <EntityRelationships />
  <OrganizationSettings />
  <optionsets />
  <CustomControls />
  <EntityDataProviders />
  <Languages>
    <Language>1033</Language>
  </Languages>
</ImportExportXml>